{
    "name": "price-format",
    "title": "jQuery Price Format",
    "description": "jQuery Price Format plugin is useful to format input text fields or any HTML element as prices.",
    "keywords": [
        "price",
        "money",
		"currency",
        "number",
        "format",
        "mask"
    ],
    "version": "2.1",
    "author": {
        "name": "Eduardo Cuducos",
        "url": "http://about.me/cuducos"
    },
    "maintainer": [
        {
            "name": "Flávio Silveira",
            "email": "flavioaugustosilveira@gmail.com",
            "url": "http://flaviosilveira.com"
        }
    ],
    "licenses": [
        {
            "type": "MIT",
            "url": "https://opensource.org/licenses/MIT"
        }
    ],
    "bugs": "https://github.com/flaviosilveira/Jquery-Price-Format/issues",
    "homepage": "https://jquerypriceformat.com",
    "docs": "https://jquerypriceformat.com",
    "download": "https://github.com/flaviosilveira/Jquery-Price-Format/releases",
    "dependencies": {
        "jquery": ">=1.5"
    }
}