-- MySQL dump 10.13  Distrib 5.7.17, for Win64 (x86_64)
--
-- Host: localhost    Database: loja
-- ------------------------------------------------------
-- Server version	5.5.5-10.1.31-MariaDB

/*!40101 SET @OLD_CHARACTER_SET_CLIENT=@@CHARACTER_SET_CLIENT */;
/*!40101 SET @OLD_CHARACTER_SET_RESULTS=@@CHARACTER_SET_RESULTS */;
/*!40101 SET @OLD_COLLATION_CONNECTION=@@COLLATION_CONNECTION */;
/*!40101 SET NAMES utf8 */;
/*!40103 SET @OLD_TIME_ZONE=@@TIME_ZONE */;
/*!40103 SET TIME_ZONE='+00:00' */;
/*!40014 SET @OLD_UNIQUE_CHECKS=@@UNIQUE_CHECKS, UNIQUE_CHECKS=0 */;
/*!40014 SET @OLD_FOREIGN_KEY_CHECKS=@@FOREIGN_KEY_CHECKS, FOREIGN_KEY_CHECKS=0 */;
/*!40101 SET @OLD_SQL_MODE=@@SQL_MODE, SQL_MODE='NO_AUTO_VALUE_ON_ZERO' */;
/*!40111 SET @OLD_SQL_NOTES=@@SQL_NOTES, SQL_NOTES=0 */;

--
-- Table structure for table `cargo`
--

DROP TABLE IF EXISTS `cargo`;
/*!40101 SET @saved_cs_client     = @@character_set_client */;
/*!40101 SET character_set_client = utf8 */;
CREATE TABLE `cargo` (
  `id` int(11) NOT NULL AUTO_INCREMENT,
  `descricao` varchar(45) NOT NULL,
  PRIMARY KEY (`id`)
) ENGINE=InnoDB AUTO_INCREMENT=4 DEFAULT CHARSET=utf8;
/*!40101 SET character_set_client = @saved_cs_client */;

--
-- Dumping data for table `cargo`
--

LOCK TABLES `cargo` WRITE;
/*!40000 ALTER TABLE `cargo` DISABLE KEYS */;
INSERT INTO `cargo` VALUES (1,'Vendedor'),(2,'Atendente'),(3,'Gerente');
/*!40000 ALTER TABLE `cargo` ENABLE KEYS */;
UNLOCK TABLES;

--
-- Table structure for table `categoria`
--

DROP TABLE IF EXISTS `categoria`;
/*!40101 SET @saved_cs_client     = @@character_set_client */;
/*!40101 SET character_set_client = utf8 */;
CREATE TABLE `categoria` (
  `id` int(11) NOT NULL AUTO_INCREMENT,
  `descricao` varchar(45) COLLATE utf8_unicode_ci NOT NULL,
  `tipo` varchar(45) COLLATE utf8_unicode_ci NOT NULL,
  PRIMARY KEY (`id`)
) ENGINE=InnoDB AUTO_INCREMENT=13 DEFAULT CHARSET=utf8 COLLATE=utf8_unicode_ci;
/*!40101 SET character_set_client = @saved_cs_client */;

--
-- Dumping data for table `categoria`
--

LOCK TABLES `categoria` WRITE;
/*!40000 ALTER TABLE `categoria` DISABLE KEYS */;
INSERT INTO `categoria` VALUES (1,'Eletronicos','Produto'),(2,'Informatica','Produto'),(3,'Jardim','Produto'),(4,'Mesa/Banho','Produto'),(5,'Jogos','Produto'),(9,'Equipamentos de computador','Produto'),(10,'Assistencia tecnica','Servicos'),(11,'Formatação','Servicos'),(12,'Limpeza','Servicos');
/*!40000 ALTER TABLE `categoria` ENABLE KEYS */;
UNLOCK TABLES;

--
-- Table structure for table `funcionarios`
--

DROP TABLE IF EXISTS `funcionarios`;
/*!40101 SET @saved_cs_client     = @@character_set_client */;
/*!40101 SET character_set_client = utf8 */;
CREATE TABLE `funcionarios` (
  `id` int(11) NOT NULL AUTO_INCREMENT,
  `nome` varchar(45) NOT NULL,
  `id_cargo` int(11) NOT NULL,
  `cpf` varchar(14) NOT NULL,
  `matricula` varchar(13) DEFAULT NULL,
  `dt_nascimento` date NOT NULL,
  `telefone` varchar(15) NOT NULL,
  `email` varchar(85) NOT NULL,
  `sexo` char(1) NOT NULL,
  `dt_admissao` varchar(45) NOT NULL,
  PRIMARY KEY (`id`),
  UNIQUE KEY `cpf_UNIQUE` (`cpf`),
  KEY `fk_idcargo_idx` (`id_cargo`),
  CONSTRAINT `fk_idcargo` FOREIGN KEY (`id_cargo`) REFERENCES `cargo` (`id`) ON DELETE NO ACTION ON UPDATE NO ACTION
) ENGINE=InnoDB AUTO_INCREMENT=7 DEFAULT CHARSET=utf8;
/*!40101 SET character_set_client = @saved_cs_client */;

--
-- Dumping data for table `funcionarios`
--

LOCK TABLES `funcionarios` WRITE;
/*!40000 ALTER TABLE `funcionarios` DISABLE KEYS */;
INSERT INTO `funcionarios` VALUES (1,'Jão das neve',3,'012.368.571-65','012.368.571','1991-03-09','(61) 98757-158','guilherme2@email.com','M','1991-12-12'),(2,'Ze goiano',2,'013.347.011-28','0123.4582.178','1990-01-30','(61) 98856-857','zegoiano@email.com','M','2018-12-12'),(3,'Maria do carmo',1,'010.012.582-56','1236.8284.821','1995-06-08','(61) 99962-621','maria@email.com','F','2014-01-08'),(4,'Isadora Parlhares',3,'012.828.796-58','4569.8247.452','1993-09-18','(61) 98635-850','olhar43@email.com','F','2018-08-01'),(5,'Ze coelho',1,'284.121.721-72','','1999-11-02','(61) 98687-569','zecoeio@email.com','M','2018-12-11');
/*!40000 ALTER TABLE `funcionarios` ENABLE KEYS */;
UNLOCK TABLES;

--
-- Table structure for table `produto`
--

DROP TABLE IF EXISTS `produto`;
/*!40101 SET @saved_cs_client     = @@character_set_client */;
/*!40101 SET character_set_client = utf8 */;
CREATE TABLE `produto` (
  `id` int(11) NOT NULL AUTO_INCREMENT,
  `nome` varchar(45) COLLATE utf8_unicode_ci NOT NULL,
  `valor` decimal(14,2) NOT NULL,
  `estoque` int(11) NOT NULL DEFAULT '0',
  `id_categoria` int(11) NOT NULL,
  PRIMARY KEY (`id`)
) ENGINE=InnoDB AUTO_INCREMENT=17 DEFAULT CHARSET=utf8 COLLATE=utf8_unicode_ci;
/*!40101 SET character_set_client = @saved_cs_client */;

--
-- Dumping data for table `produto`
--

LOCK TABLES `produto` WRITE;
/*!40000 ALTER TABLE `produto` DISABLE KEYS */;
INSERT INTO `produto` VALUES (1,'Mouse',15.99,5,2),(2,'Teclado',19.99,3,2),(3,'Monitor',159.99,2,2),(4,'Impressora',178.99,5,2),(5,'CPU',399.99,15,2),(6,'Toalha',15.99,16,4),(7,'Lencol',75.00,7,4),(8,'Edredom',99.99,35,4),(9,'Pa pequena',19.99,3,3),(10,'Enxada',99.99,9,3),(11,'Celular',4999.99,18,1),(12,'Fonte Corsair 500W',230.00,2,2),(13,'Teclado BlackWidow Special Edition',600.00,1,2),(14,'Toalha StarWars Preta',10.50,2,4),(15,'Mouse Multilaser Ping',14.99,1,2),(16,'Cortador de Grama Max',259.99,1,3);
/*!40000 ALTER TABLE `produto` ENABLE KEYS */;
UNLOCK TABLES;

--
-- Table structure for table `servicos`
--

DROP TABLE IF EXISTS `servicos`;
/*!40101 SET @saved_cs_client     = @@character_set_client */;
/*!40101 SET character_set_client = utf8 */;
CREATE TABLE `servicos` (
  `id` int(11) NOT NULL AUTO_INCREMENT,
  `descricao` varchar(45) NOT NULL,
  `valor` decimal(14,2) NOT NULL,
  `id_categoria` int(11) NOT NULL,
  `id_funcionario` int(11) NOT NULL,
  `dt_inicio` date DEFAULT NULL,
  `dt_fim` date DEFAULT NULL,
  `status` varchar(45) DEFAULT NULL,
  PRIMARY KEY (`id`),
  KEY `id_categoria_idx` (`id_categoria`),
  KEY `id_funcionario_idx` (`id_funcionario`),
  CONSTRAINT `id_categoria` FOREIGN KEY (`id_categoria`) REFERENCES `categoria` (`id`) ON DELETE NO ACTION ON UPDATE NO ACTION,
  CONSTRAINT `id_funcionario` FOREIGN KEY (`id_funcionario`) REFERENCES `funcionarios` (`id`) ON DELETE NO ACTION ON UPDATE NO ACTION
) ENGINE=InnoDB DEFAULT CHARSET=utf8;
/*!40101 SET character_set_client = @saved_cs_client */;

--
-- Dumping data for table `servicos`
--

LOCK TABLES `servicos` WRITE;
/*!40000 ALTER TABLE `servicos` DISABLE KEYS */;
/*!40000 ALTER TABLE `servicos` ENABLE KEYS */;
UNLOCK TABLES;

--
-- Table structure for table `usuario`
--

DROP TABLE IF EXISTS `usuario`;
/*!40101 SET @saved_cs_client     = @@character_set_client */;
/*!40101 SET character_set_client = utf8 */;
CREATE TABLE `usuario` (
  `id` int(11) NOT NULL AUTO_INCREMENT,
  `nome` varchar(75) COLLATE utf8_unicode_ci NOT NULL,
  `email` varchar(150) COLLATE utf8_unicode_ci NOT NULL,
  `senha` varchar(32) COLLATE utf8_unicode_ci NOT NULL,
  PRIMARY KEY (`id`)
) ENGINE=InnoDB AUTO_INCREMENT=12 DEFAULT CHARSET=utf8 COLLATE=utf8_unicode_ci;
/*!40101 SET character_set_client = @saved_cs_client */;

--
-- Dumping data for table `usuario`
--

LOCK TABLES `usuario` WRITE;
/*!40000 ALTER TABLE `usuario` DISABLE KEYS */;
INSERT INTO `usuario` VALUES (1,'Mozart','mozart.contato@gmail.com','e10adc3949ba59abbe56e057f20f883e'),(2,'Guilherme','guiilherme@gmail.com','81dc9bdb52d04dc20036dbd8313ed055'),(8,'Zé da caixa preta','zecaixa@gmail.com','5eac43aceba42c8757b54003a58277b5'),(11,'admin','admin','21232f297a57a5a743894a0e4a801fc3');
/*!40000 ALTER TABLE `usuario` ENABLE KEYS */;
UNLOCK TABLES;

--
-- Dumping events for database 'loja'
--

--
-- Dumping routines for database 'loja'
--
/*!40103 SET TIME_ZONE=@OLD_TIME_ZONE */;

/*!40101 SET SQL_MODE=@OLD_SQL_MODE */;
/*!40014 SET FOREIGN_KEY_CHECKS=@OLD_FOREIGN_KEY_CHECKS */;
/*!40014 SET UNIQUE_CHECKS=@OLD_UNIQUE_CHECKS */;
/*!40101 SET CHARACTER_SET_CLIENT=@OLD_CHARACTER_SET_CLIENT */;
/*!40101 SET CHARACTER_SET_RESULTS=@OLD_CHARACTER_SET_RESULTS */;
/*!40101 SET COLLATION_CONNECTION=@OLD_COLLATION_CONNECTION */;
/*!40111 SET SQL_NOTES=@OLD_SQL_NOTES */;

-- Dump completed on 2018-12-14 21:15:41
